{
  "name": null,
  "className": "Atmosphere",
  "properties": {
    "Color": [
      0.6196078658103943,
      0.803921639919281,
      1.0
    ],
    "Decay": [
      0.9215686917304993,
      0.988235354423523,
      1.0
    ],
    "Density": 0.375,
    "Glare": 0.5,
    "Haze": 2.0
  }
}