{
  "name": null,
  "className": "ColorCorrectionEffect",
  "properties": {
    "Contrast": 0.20000000298023224,
    "Saturation": 0.20000000298023224
  }
}